PK,PERFORMANCE,COMPETENCY,LEARNING POINT,Kerja Ibadah,Apresiasi,Lebih cepat,Aktif bersama,Cluster
0.9254869259634284,0.8809815950920244,0.424395525081198,0.8861963190184048,0.823653715064758,0.6823566744235244,0.6432198011423736,0.6640008764241893,1
0.9377574286554868,0.9174641148325358,0.6153631907308377,0.9228598484848485,0.9490951178451178,0.9514433124346918,0.9192136886102403,0.9470035173160173,2
0.9069666283884887,0.872212790039615,0.5085388994307399,0.07743727598566308,0.903405017921147,0.8777654183660858,0.8257013966135212,0.8728558627752175,3
0.0,0.021657592256503294,0.4225828262339417,0.0034482758620689655,0.79272030651341,0.6541815299246928,0.5790725326991677,0.7200328407224958,4
