NIK,PK,COMPETENCY,LEARNING POINT,Kerja Ibadah,Apresiasi,Lebih cepat,Aktif bersama
200700326.0,1.0,0.899999999904999,0.6363636361669418,0.0,0.874999999015623,0.9230769231112426,0.39999999976800016
199500085.0,0.3000000002059977,0.0,0.0,0.0,0.0,0.0,0.0
199500048.0,0.099999999381998,0.5000000004749996,0.27272727264297525,0.0,1.0,1.0,1.0
200700297.0,0.8000000002059995,1.0,1.0000000000000002,0.0,0.49999999943749884,0.2307692306662723,1.0
201600670.0,0.0,0.899999999904999,0.0,0.0,0.874999999015623,0.9230769231112426,1.0
