NIK,PK,COMPETENCY,LEARNING POINT,Kerja Ibadah,Apresiasi,Lebih cepat,Aktif bersama
200700326.0,1.0,0.6363636363636385,0.0,0.8749999999999982,0.9230769230769225,0.3999999999999986,0.0
199500085.0,0.3000000000000007,0.0,0.0,0.0,0.0,0.0,0.9230769230769234
199500048.0,0.09999999999999964,0.2727272727272734,0.0,1.0,1.0,1.0,1.0
200700297.0,0.7999999999999989,1.0,0.0,0.5,0.23076923076923084,1.0,0.5384615384615383
201600670.0,0.0,0.0,0.0,0.8749999999999982,0.9230769230769225,1.0,0.9230769230769234
